,val_auroc,val_auprc
catboost,0.6672256104855079,0.22014244475444728
lightgbm,0.6671451279347183,0.22609538443288268
xgboost,0.66198730653325,0.22147925998432008
random_forest,0.6491538805317401,0.19426608241700438
logistic_regression,0.6274868486152886,0.19296352255546545
